{"cameraMode":{"drawMode":0,"name":"Shaded","section":"Shading Mode"},"sceneLighting":false,"audioPlay":false,"sceneViewState":{"m_AlwaysRefresh":false,"showFog":true,"showSkybox":false,"showFlares":true,"showImageEffects":true,"showParticleSystems":true,"showVisualEffectGraphs":true,"m_FxEnabled":true},"in2DMode":false,"pivot":{"x":-0.10272502899169922,"y":-0.14928531646728517,"z":0.10756111145019531},"rotation":{"x":-0.30844348669052126,"y":-0.08942707628011704,"z":0.029139555990695955,"w":-0.9465829730033875},"size":14.575271606445313,"orthographic":false}