{"cameraMode":{"drawMode":0,"name":"Shaded","section":"Shading Mode"},"sceneLighting":false,"audioPlay":false,"sceneViewState":{"m_AlwaysRefresh":false,"showFog":true,"showSkybox":false,"showFlares":true,"showImageEffects":true,"showParticleSystems":true,"showVisualEffectGraphs":true,"m_FxEnabled":true},"in2DMode":false,"pivot":{"x":0.0013000071048736573,"y":0.02687627077102661,"z":-0.0022999942302703859},"rotation":{"x":0.10266855359077454,"y":-0.8972541093826294,"z":0.31034156680107119,"w":0.2968224287033081},"size":0.6873793005943298,"orthographic":false}