{"cameraMode":{"drawMode":0,"name":"Shaded","section":"Shading Mode"},"sceneLighting":true,"audioPlay":false,"sceneViewState":{"m_AlwaysRefresh":false,"showFog":true,"showSkybox":true,"showFlares":true,"showImageEffects":true,"showParticleSystems":true,"showVisualEffectGraphs":true,"m_FxEnabled":true},"in2DMode":false,"pivot":{"x":250.4374542236328,"y":1.2722822427749634,"z":251.62127685546876},"rotation":{"x":-0.05401761829853058,"y":-0.9459368586540222,"z":0.22098517417907716,"w":-0.2312178611755371},"size":0.6712740063667297,"orthographic":false}