{"cameraMode":{"drawMode":0,"name":"Shaded","section":"Shading Mode"},"sceneLighting":false,"audioPlay":false,"sceneViewState":{"m_AlwaysRefresh":false,"showFog":true,"showSkybox":false,"showFlares":true,"showImageEffects":true,"showParticleSystems":true,"showVisualEffectGraphs":true,"m_FxEnabled":true},"in2DMode":false,"pivot":{"x":-0.032169342041015628,"y":-0.011594772338867188,"z":0.053485870361328128},"rotation":{"x":-0.30844348669052126,"y":-0.08942707628011704,"z":0.029139555990695955,"w":-0.9465829730033875},"size":33.30738830566406,"orthographic":false}