{"cameraMode":{"drawMode":0,"name":"Shaded","section":"Shading Mode"},"sceneLighting":true,"audioPlay":false,"sceneViewState":{"m_AlwaysRefresh":false,"showFog":true,"showSkybox":false,"showFlares":true,"showImageEffects":true,"showParticleSystems":true,"showVisualEffectGraphs":true,"m_FxEnabled":true},"in2DMode":false,"pivot":{"x":2.9802322387695315e-8,"y":0.13991159200668336,"z":0.9450000524520874},"rotation":{"x":-0.34764623641967776,"y":-0.48490700125694277,"z":0.21829333901405335,"w":-0.7722458839416504},"size":1.0148029327392579,"orthographic":false}