{"cameraMode":{"drawMode":0,"name":"Shaded","section":"Shading Mode"},"sceneLighting":false,"audioPlay":false,"sceneViewState":{"m_AlwaysRefresh":false,"showFog":true,"showSkybox":false,"showFlares":true,"showImageEffects":true,"showParticleSystems":true,"showVisualEffectGraphs":true,"m_FxEnabled":true},"in2DMode":false,"pivot":{"x":-0.003794431686401367,"y":-0.39699065685272219,"z":-0.00700002908706665},"rotation":{"x":0.10266855359077454,"y":-0.8972541093826294,"z":0.31034156680107119,"w":0.2968224287033081},"size":1.2983534336090088,"orthographic":false}